{
    "users": [
      {
        "id": 1,
        "name": "John",
        "email": "john@example.com"
      },
      {
        "id": 2,
        "name": "Sarah",
        "email": "sarah@example.com"
      },
      {
        "id": 3,
        "name": "Mike",
        "email": "mike@example.com"
      }
    ],
    "products": [
      {
        "id": 1,
        "name": "Product 1",
        "description": "This is product 1",
        "price": 10.99
      },
      {
        "id": 2,
        "name": "Product 2",
        "description": "This is product 2",
        "price": 24.99
      },
      {
        "id": 3,
        "name": "Product 3",
        "description": "This is product 3",
        "price": 9.99
      }
    ]
  }
  